bloco;layout;col_b_raw;brand;category;descricao;rg;codigo_fabrica;status;tabela_bruta;multipl_desconto;custo;VENDA_DIRETA_MS;MS_DDOS;MS_DDOS_PRAZO;MS_ANDREI;SP_SP;SP_OUTROS;SP_RJ_MG_SUL;SP_MONTAGEM;OUTROS_ES;MG_RJ_SUL;DOURADOS_MS;flags
A_OUTRAS_MARCAS;A;PICCIN;PICCIN;;CALCAREADEIRA MASTER 7.500 PNEUS 11L15 E EST 40 MM PRECISA;53643;NT;;;;;;;;;;;;38900;39900;40900;;SEM_CUSTO_TABELA|PRECO_MANUAL|BLOCO_MANUAL
A_OUTRAS_MARCAS;A;ALMEIDA;ALMEIDA;;"GUINCHO BAG 2.000 BITOLA REGULÁVEL PN 11L15"" (SAIU DE LINHA)";53710;1384947;;;;14100;;;;;;;;19900;20900;21900;;PRECO_MANUAL|BLOCO_MANUAL
A_OUTRAS_MARCAS;A;ALMEIDA;ALMEIDA;;ROÇADEIRA 3 PONTO ROAL 1400 TRASM DIRETA;53924;NT;;;;6750;;;;;;;;10500;11400;11800;;PRECO_MANUAL|BLOCO_MANUAL
A_OUTRAS_MARCAS;A;ALMEIDA;ALMEIDA;;ROÇADEIRA 3 PONTO ROAL 1600 TRASM DIRETA;53758;NT;;;;7500;;;;;;;;10900;11500;11900;;PRECO_MANUAL|BLOCO_MANUAL
A_OUTRAS_MARCAS;A;ALMEIDA;ALMEIDA;;ROÇADEIRA 3 PONTO ROAL 1800 TRASM DIRETA;53836;NT;;;;8175;;;;;;;;11900;12400;12900;;PRECO_MANUAL|BLOCO_MANUAL
A_OUTRAS_MARCAS;A;ALMEIDA;ALMEIDA;;ROÇADEIRA 3 PONTO ROCAL 1600 TRASM CORREIAS;53901;NT;;;;9450;;;;;;;;13500;13900;14500;;PRECO_MANUAL|BLOCO_MANUAL
A_OUTRAS_MARCAS;A;ALMEIDA;ALMEIDA;;ROÇADEIRA 3 PONTO ROCAL 1800 TRANSM CORREIAS;53851;NT;;;;10012;;;;;;;;14300;14900;15600;;PRECO_MANUAL|BLOCO_MANUAL
A_OUTRAS_MARCAS;A;ALMEIDA;ALMEIDA;;ROÇADEIRA ARRASTO ROACAL 1800 COM RODAS FERRO GRANDES;53858;NT;;;;13050;;;;;;;;18900;19900;20900;;PRECO_MANUAL|BLOCO_MANUAL
A_OUTRAS_MARCAS;A;ALMEIDA;ALMEIDA;;ROÇADEIRA ARRASTO ROACAL DUPLA 3400 RODAS FERRO GRANDES;53950;NT;;;;21225;;;;;;;;29900;30900;31900;;PRECO_MANUAL|BLOCO_MANUAL
A_OUTRAS_MARCAS;A;ALMEIDA;ALMEIDA;;"CALC TECLANCER 3.0 EST 500 2 PN 750X16""";54045;1397662;;;;16400;;;;;;;;22900;23900;24900;;PRECO_MANUAL|BLOCO_MANUAL
A_OUTRAS_MARCAS;A;ALMEIDA;ALMEIDA;;"CALC TECLANCER 6.0 EST 500 4 PN 750X16""";53660;1384981;;;;22000;;;;;;;;30500;31900;32900;;PRECO_MANUAL|BLOCO_MANUAL
A_OUTRAS_MARCAS;A;ALMEIDA;ALMEIDA;;"CALC PRO TECLANCER 3.0 EST LARGA 800 MM 2 PN 750X16""";53734;1384785;;;;17800;;;;;;;;24900;25900;26900;;PRECO_MANUAL|BLOCO_MANUAL
A_OUTRAS_MARCAS;A;ALMEIDA;ALMEIDA;;"CALC PRO TECLANCER 6.0 EST LARGA 800 MM 4 PN 750X16""";53853;1387045;;;;23600;;;;;;;;33500;34900;36500;;PRECO_MANUAL|BLOCO_MANUAL
A_OUTRAS_MARCAS;A;ALMEIDA;ALMEIDA;;"CALC PRO TECLANCER 8.0 EST LARGA 800 MM 4 PN 11L15"" (LARGO)";53706;1384983;;;;26300;;;;;;;;38500;39900;41500;;PRECO_MANUAL|BLOCO_MANUAL
A_OUTRAS_MARCAS;A;ALMEIDA;ALMEIDA;;"CALC PRO TECLANCER 10.0 BIT FIXA CD EST 800 MM PN 12.4X24""";54042;NT;;;;41900;;;;;;;;59900;62500;64900;;PRECO_MANUAL|BLOCO_MANUAL
A_OUTRAS_MARCAS;A;ALMEIDA;ALMEIDA;;"DIAMOND 8.0 ""INOX"" BIT REG CD PN 11L15"" EST 800/500 2 JG DISC";54057;NT;;;;41508;;;;;;;;56900;58900;60900;;PRECO_MANUAL|BLOCO_MANUAL
A_OUTRAS_MARCAS;A;ALMEIDA;ALMEIDA;;"DIAMOND 10.0 CHAPA BIT REG CD PN 24""EST 800/500 2 JG DISCOS";53900;NT;;;;48896;;;;;;;;66900;69900;72500;;PRECO_MANUAL|BLOCO_MANUAL
A_OUTRAS_MARCAS;A;ALMEIDA;ALMEIDA;;"DIAMOND 10.0 ""INOX"" 10.0 BIT REG CD PN 24"" EST 800/500 2 JG DISCOS";54043;NT;;;;60896;;;;;;;;82900;86900;89900;;PRECO_MANUAL|BLOCO_MANUAL
A_OUTRAS_MARCAS;A;ALMEIDA;ALMEIDA;;"DIAMOND 12.0 CHAPA BIT REG CD PN 24"" EST 800/500 2 JG DISCOS";54058;NT;;;;61000;;;;;;;;83900;87900;91900;;PRECO_MANUAL|BLOCO_MANUAL
A_OUTRAS_MARCAS;A;ALMEIDA;ALMEIDA;;"DIAMOND 12.0 ""INOX"" BIT REG TX FIXA CD 4 PN 24"" 2 JG DISCOS";54001;NT;;;;81000;;;;;;;;106900;110900;113900;;PRECO_MANUAL|BLOCO_MANUAL
A_OUTRAS_MARCAS;A;ALMEIDA;ALMEIDA;;"BLACK 12.0 INOX BIT REG TX VARIA HIDR 4 PN 24"" 2 JG - TELA + ANTENA";53733;NT;;;;124000;;;;;;;;164900;169900;173900;;PRECO_MANUAL|BLOCO_MANUAL
A_OUTRAS_MARCAS;A;ALMEIDA;ALMEIDA;;"CARRETA BASCMAX CARGOR 5.0 ROD DUPLO C/ 4 PN 750X16""";53846;1388929;;;;14900;;;;;;;;23900;24900;25900;;PRECO_MANUAL|BLOCO_MANUAL
A_OUTRAS_MARCAS;A;ALMEIDA;ALMEIDA;;"CARRETA BASC MAX CARGOR 5.0 RODADO *TANDEM* C/ 4 PN 750X16""";53906;1389904;;;;17500;;;;;;;;26500;27500;28500;;PRECO_MANUAL|BLOCO_MANUAL
A_OUTRAS_MARCAS;A;ALMEIDA;ALMEIDA;;"CARRETA BASC MAX CARGOR 6.0 RODADO DUPLO C/ 4 PN 750X16""";53670;1384986;;;;16900;;;;;;;;26500;27500;28500;;PRECO_MANUAL|BLOCO_MANUAL
A_OUTRAS_MARCAS;A;ALMEIDA;ALMEIDA;;"CARRETA BASC MAX CARGOR 6.0 RODADO TANDEM C/ 4 PN 750X16""";53837;1389908;;;;18800;;;;;;;;27900;28900;29900;;PRECO_MANUAL|BLOCO_MANUAL
A_OUTRAS_MARCAS;A;ALMEIDA;ALMEIDA;;"CARRETA BASC FORRAG 8.0 ROD TANDEM C/ 4 PN 11L15""";54047;1397961;;;;22500;;;;;;;;30900;32500;33500;;PRECO_MANUAL|BLOCO_MANUAL
A_OUTRAS_MARCAS;A;ALMEIDA;ALMEIDA;;"CARRETA BASC FORRAG 10.0 ROD TANDEM C/ 4 PN 400/60""";53844;1385946;;;;27700;;;;;;;;39900;41500;42900;;PRECO_MANUAL|BLOCO_MANUAL
A_OUTRAS_MARCAS;A;ALMEIDA;ALMEIDA;;CJ CARREGAD SPEED 1200 JÁ C/ CONCHA  + CHASSI  *SEM JOYSTICK *;54063;NT;;;;15750;;;;;;;;25900;26900;27900;;PRECO_MANUAL|BLOCO_MANUAL
A_OUTRAS_MARCAS;A;ALMEIDA;ALMEIDA;;CJ CARREGAD SPEED 1200 JÁ C/ CONCHA  + CHASSI  *COM JOYSTICK*;54017;NT;;;;17925;;;;;;;;27900;28900;29900;;PRECO_MANUAL|BLOCO_MANUAL
A_OUTRAS_MARCAS;A;ALMEIDA;ALMEIDA;;GUINCHO PEGA BAG PARA SPEED 1.200 TODOS TRATORES;54133;NT;;;;2100;;;;;;;;3200;3400;3600;;PRECO_MANUAL|BLOCO_MANUAL
A_OUTRAS_MARCAS;A;ALMEIDA;ALMEIDA;;LAMINA DE 2.150 MM PARA SPEED 1.200;54114;NT;;;;2100;;;;;;;;3300;3500;3700;;PRECO_MANUAL|BLOCO_MANUAL
A_OUTRAS_MARCAS;A;ALMEIDA;ALMEIDA;;"CJ PLAINA DIANT  PDAL 100 JÁ COM CHASSI + LAMINA 2,40 M S/ JOY";53841;NT;;;;16477;;;;;;;;25900;26900;27900;;PRECO_MANUAL|BLOCO_MANUAL
A_OUTRAS_MARCAS;A;ALMEIDA;ALMEIDA;;"CJ PLAINA DIANT  PDAL 1.000 JÁ COM CHASSI + LAMINA 2,60 M S/ JOY";54088;NT;;;;18732;;;;;;;;27900;29300;30700;;PRECO_MANUAL|BLOCO_MANUAL
A_OUTRAS_MARCAS;A;ALMEIDA;ALMEIDA;;"CJ PLAINA DIANT  PDAL 1.100 JÁ COM CHASSI + LAMINA 2,60 M S/ JOY";54197;NT;;;;22875;;;;;;;;31900;32900;34200;;PRECO_MANUAL|BLOCO_MANUAL
A_OUTRAS_MARCAS;A;ALMEIDA;ALMEIDA;;CONCHA 1200 MM COM PISTÃO PARA PDAL 100;54134;NT;;;;6450;;;;;;;;9300;9700;10000;;PRECO_MANUAL|BLOCO_MANUAL
A_OUTRAS_MARCAS;A;ALMEIDA;ALMEIDA;;CONCHA 1700 MM COM PISTÃO PARA PDAL 1.000/1.100;54135;NT;;;;7200;;;;;;;;10500;10900;11400;;PRECO_MANUAL|BLOCO_MANUAL
A_OUTRAS_MARCAS;A;ALMEIDA;ALMEIDA;;"GRADE ARAD CONTR REM 14X26""X6,00 235 MM PN 750X16"" 80 CV";53676;1384916;;26390;;17800;;;;;;;;25500;26500;27500;;PRECO_MANUAL|BLOCO_MANUAL
A_OUTRAS_MARCAS;A;ALMEIDA;ALMEIDA;;"GRADE ARAD CONTR REM 16X26""X6,00 235 MM PN 750X16"" 90 CV";53677;1381942;;28790;;19200;;;;;;;;27500;28900;29900;;PRECO_MANUAL|BLOCO_MANUAL
A_OUTRAS_MARCAS;A;ALMEIDA;ALMEIDA;;"GRADE ARAD CONTR REM 18X26""X6,00 235 MM PN 750X16"" 110 CV";53678;1381949;;30659;;20800;;;;;;;;28900;29900;30900;;PRECO_MANUAL|BLOCO_MANUAL
A_OUTRAS_MARCAS;A;ALMEIDA;ALMEIDA;;"GRADE INTER CONTR REM 14X28""X6,00 270 MM PN 750X16"" 100 CV";53617;1376719;;27569;;18700;;;;;;;;26900;27900;28900;;PRECO_MANUAL|BLOCO_MANUAL
A_OUTRAS_MARCAS;A;ALMEIDA;ALMEIDA;;"GRADE INTER CONTR REM 16X28""X6,00 270 MM PN 750X16"" 110 CV";53679;1381951;;30767;;20600;;;;;;;;29500;30500;31500;;PRECO_MANUAL|BLOCO_MANUAL
A_OUTRAS_MARCAS;A;ALMEIDA;ALMEIDA;;"GRADE INTER CONTR REM 18X28""X6,00 270 MM PN 750X16"" 120 CV";53680;1381953;;32245;;21400;;;;;;;;31900;32900;33900;;PRECO_MANUAL|BLOCO_MANUAL
A_OUTRAS_MARCAS;A;ALMEIDA;ALMEIDA;;"GRADE INTER CONTR REM 20X28""X6,00 270 MM PN 750X16"" 125 CV";53681;1381956;;36322;;23900;;;;;;;;33900;35200;36900;;PRECO_MANUAL|BLOCO_MANUAL
A_OUTRAS_MARCAS;A;ALMEIDA;ALMEIDA;;"GRADE INTER CONTR REM 24X28""X6,00 270 MM PN 750X16"" 160 CV";53662;1376726;;40665;;26700;;;;;;;;36900;38500;39900;;PRECO_MANUAL|BLOCO_MANUAL
A_OUTRAS_MARCAS;A;ALMEIDA;ALMEIDA;;"GRADE INTER CONTR REM 28X28""X6,00 270 MM PN 750X16"" 180 CV";53682;1381962;;42381;;28900;;;;;;;;40900;42500;44200;;PRECO_MANUAL|BLOCO_MANUAL
A_OUTRAS_MARCAS;A;ALMEIDA;ALMEIDA;;"GRADE NIV CONTR REM FIXA 28X20""X3,50 175 MM PN 750X16"" 75 CV";54071;1399682;;23240;;17800;;;;;;;;25500;26500;27500;;PRECO_MANUAL|BLOCO_MANUAL
A_OUTRAS_MARCAS;A;ALMEIDA;ALMEIDA;;"GRADE NIV CONTR REM FIXA 32X20""X3,50 175 MM PN 750X16"" 80 CV";54072;1399685;;25250;;18600;;;;;;;;26500;27500;28500;;PRECO_MANUAL|BLOCO_MANUAL
A_OUTRAS_MARCAS;A;ALMEIDA;ALMEIDA;;"GRADE NIV CONTR REM FIXA 36X20""X3,50 175 MM PN 750X16"" 90 CV";53674;1380241;;28657;;19500;;;;;;;;27500;28500;29500;;PRECO_MANUAL|BLOCO_MANUAL
A_OUTRAS_MARCAS;A;ALMEIDA;ALMEIDA;;"GRADE NIV CONTR REM FIXA 42X20""X3,50 175 MM PN 750X16"" 100 CV";53675;1381938;;32943;;22400;;;;;;;;30900;31900;32900;;PRECO_MANUAL|BLOCO_MANUAL
A_OUTRAS_MARCAS;A;ALMEIDA;ALMEIDA;;"GRADE NIV CONT REM FIXA 32X22""X4,00 195 MM PN 750X16"" 90 CV";53771;1384995;;29586;;20100;;;;;;;;29500;30500;31500;;PRECO_MANUAL|BLOCO_MANUAL
A_OUTRAS_MARCAS;A;ALMEIDA;ALMEIDA;;"GRADE NIV CONT REM FIXA 36X22""X4,00 195 MM PN 750X16"" 100 CV";53618;1384998;;33794;;21800;;;;;;;;30500;31500;32500;;PRECO_MANUAL|BLOCO_MANUAL
A_OUTRAS_MARCAS;A;ALMEIDA;ALMEIDA;;"GRADE NIV CONT REM FIXA 44X22""X4,00 195 MM PN 750X16"" 125 CV";53683;1381963;;39647;;25500;;;;;;;;35500;36500;37500;;PRECO_MANUAL|BLOCO_MANUAL
A_OUTRAS_MARCAS;A;ALMEIDA;ALMEIDA;;"GRADE NIV CONT REM FIXA 48X22""X4,00 195 MM PN 750X16"" 140 CV";53684;1381964;;43730;;28900;;;;;;;;39500;41000;42500;;PRECO_MANUAL|BLOCO_MANUAL
B1_MS;B;USADOS;;USADOS;GRADE CIVEMASA GVPF 22X36¨450 MM 4 RODAS 2017;52247;NT;;0;0.4651;0;;103990;105990;103990;1;;;;;;;SEM_CUSTO_TABELA|PRECO_MANUAL
B1_MS;B;USADOS;;USADOS;CHURRUMEIRA MEPEL 15 TON COMPLETA 400/60 SEM USO (CLIENTE);NT;NT;;0;0.4651;0;;79990;;;1;;;;;;;SEM_CUSTO_TABELA|PRECO_MANUAL
B1_MS;B;USADOS;;USADOS;"GRADE TATU 16X34""X 360 MM - REFORMADA DISCOS NOVOS";52647;NT;;0;;0;;57990;;;1;;;;;;;SEM_CUSTO_TABELA|PRECO_MANUAL
B1_MS;B;USADOS;;USADOS;"GRADE BALDAN PESADA 14X34"" ANO 2019 4 PNEUS SEMINOVA";52402;NT;;0;0.4651;0;;44990;;;1;;;;;;;SEM_CUSTO_TABELA|PRECO_MANUAL
B1_MS;B;USADOS;;USADOS;"GRADE TATU PESADA 18X32"" X 360 MM PNEUS 400/60 2019 SEMINOVA";52457;NT;;0;0.4651;0;0;65990;;0;1;;;;;;;SEM_CUSTO_TABELA
B1_MS;B;TRATOR;;TRATOR;TRATOR VALTRA A 124 ANO 2018 C/ 2400 HS (DE CLIENTE);NT;NT;;0;0.4651;0;;219900;;;1;;;;;;;SEM_CUSTO_TABELA|PRECO_MANUAL
B1_MS;B;USADOS;;USADOS;"26 - TERRACEADOR TATU 22X26"" - TODOS DISCOS NOVOS";53856;USADOS;;;;0;;27900;;0;0;0;0;;;;;SEM_CUSTO_TABELA
B1_MS;B;USADOS;;USADOS;"22 - TERRACEADOR TATU 16X26"" (MUITO CONSERVADO)";53625;USADOS;;;;0;;25900;;0;0;0;0;;;;;SEM_CUSTO_TABELA
B1_MS;B;USADOS;;USADOS;34 - CALCARTEADEIRA TATU DCA 5.500;54201;USADOS;;;;0;;18900;;0;0;0;0;;;;;SEM_CUSTO_TABELA|PRECO_MANUAL
B1_MS;B;USADOS;;USADOS;"33 - GRADE PESADA TATU 14X32"" COM PISTÃO (SEM REFORMA)";54200;USADOS;;;;0;;26900;;0;0;0;0;;;;;SEM_CUSTO_TABELA|PRECO_MANUAL
B1_MS;B;USADOS;;USADOS;"27 - GRADE INTERM BALDAN 18X28"" ANO 2012 (ESTA RIO VERDE/MS)";53859;USADOS;;;;0;;24900;;0;0;0;0;;;;;SEM_CUSTO_TABELA
B1_MS;B;USADOS;;USADOS;32A - SÓ UMA DAS PLANTADEIRAS 15X50 AVULSA DO CJ ABAIXO;NT;USADOS;;;;0;;185000;;0;0;0;0;;;;;SEM_CUSTO_TABELA|PRECO_MANUAL
B1_MS;B;USADOS;;USADOS;32 - CJ 2 PLANT TATU ULTRAFLEX 15X50 TITANIUM + TANDEM (CLIENTE);NT;USADOS;;;;0;;369000;;0;0;0;0;;;;;SEM_CUSTO_TABELA
B1_MS;B;MENTA;;MENTA;FORRAGEIRA 1.2S S/ RODA E S/ CAMBÃO TELESCOPICO;NT;NT;;;;;;0;;0;0;0;0;;;;;SEM_CUSTO_TABELA|PRECO_MANUAL
B1_MS;B;MENTA;;MENTA;FORRAGEIRA 1.2S FORT COM RODA;NT;NT;;;;61200;;0;;0;0;0;0;;;;;PRECO_MANUAL
B1_MS;B;MENTA;;MENTA;FORRAGEIRA 1.2S PREMIUM;NT;NT;;;;106500;;0;;0;0;0;0;;;;;PRECO_MANUAL
B1_MS;B;MENTA;;MENTA;VAGÃO MISTURADOR GIROMIX 6.O DUO C/ CHUPIM;54108;NT;;;;130000;;0;;0;0;0;0;;;;;PRECO_MANUAL
B1_MS;B;"PULV ""CIMAG""";;"PULV ""CIMAG""";CIMAG PEC 600 COM BOMBA 3 PISTÕES E REABASTECEDOR;53918;NT;;;;8600;;13990;;12700;11900;12300;12700;;;;;PRECO_MANUAL
B1_MS;B;"PULV ""CIMAG""";;"PULV ""CIMAG""";"CIMAG PEC CROSS 2.000 COM 2 RODAS 24""";53919;NT;;;;29000;;44990;;42500;39500;41000;42500;;;;;PRECO_MANUAL
B1_MS;B;"PULV ""CIMAG""";;"PULV ""CIMAG""";"CIMAG PEC CROSS 2.000 COM 4 RODAS TANDEM 14.4X24"" (COMPRAR)";NT;NT;;;;34500;;49990;;49900;46900;48900;49900;;;;;PRECO_MANUAL
B1_MS;B;"PULV ""CIMAG""";;"PULV ""CIMAG""";"CIMAG PEC 2.000 COM 4 RODAS TANDEM 16""";53884;NT;;;;28500;;44490;;41900;38900;40500;41900;;;;;PRECO_MANUAL
B1_MS;B;PULVERIZADOR;;PULVERIZADOR;"PEK 600 TATU ""PESADO"" - 3 PONTO - 600 LITROS - BBA 75 L/MIN";52017;119040025;LQ FN;;;;;14990;;13990;;;;;;;;SEM_CUSTO_TABELA|PRECO_MANUAL
B1_MS;B;PULVERIZADOR;;PULVERIZADOR;"PEK 600 TATU ""LEVE"" - 3 PONTO - 600 LITROS - BBA 75 L/MIN";53736;119040036;;22187;;9353.15172;;13900;;13281.4754424;12159.097236;12533.2233048;12907.3493736;;;;;
B1_MS;B;PULVERIZADOR;;PULVERIZADOR;FALKI 600 - PULV 3 PONTOS - 600 LITROS E BARRAS 12 METROS;52445;119040012;;35462;0.4505;14949.360719999999;;22590;;21500;19900;20032.1433648;21500;;;;;
B1_MS;B;COMPOSTADOR;;COMPOSTADOR;CRO 2.0 (PEQUENO) SEM SULCADOR SEM KIT PULVERIZAÇÃO;54165;120270077;;84519;;35629.829639999996;;55990;;54900;52900;54900;56900;;;;;PRECO_MANUAL
B1_MS;B;COMPOSTADOR;;COMPOSTADOR;CRO 2.0 (PEQUENO) COM SULCADOR SEM KIT PULVERIZAÇÃO;51341;120270075;;92322;;38919.26232;;60990;;58900;55900;57900;59900;;;;;PRECO_MANUAL
B1_MS;B;COMPOSTADOR;;COMPOSTADOR;CRO 2.0 (PEQUENO) COM SULCADOR E COM KITS PULVER (COMPLETO);54166;120270074;;144275;;60820.568999999996;;95990;;89900;85900;88900;91900;;;;;PRECO_MANUAL
B1_MS;B;COMPOSTADOR;;COMPOSTADOR;CRO 4.0 CIVEMASA COM SULCADOR E COM KITS PULVERIZ (COMPLETO);38384;120270072;;258083;0.4505;108797.46948;;169990;20800;166900;153900;160900;172300;;;;;PRECO_MANUAL
B1_MS;B;COMPOSTADOR;;COMPOSTADOR;CRO 4.0 CIVEMASA COM SULCADOR E SEM KITS PULVERIZAÇÃO;54085;120270042;;211858;;89310.85848;;130990;;128900;118900;119676.55036319999;128900;;;;;
B1_MS;B;COMPOSTADOR;;COMPOSTADOR;CRO 4.0 CIVEMASA SEM SULCADOR E SEM KITS PULVERIZAÇÃO;54064;120270046;;200038;0.4505;84328.01928;;127990;20800;123900;113900;112999.5458352;123900;;;;;
B1_MS;B;ROÇADEIRA;;ROÇADEIRA;"HID RC2 1500 TRANSMISSÃO ""DIRETA"" - 70 cv";50737;104010009;;27000;0.4505;11382.119999999999;;16500;19700;15900;14900;15500;15900;;;;;PRECO_MANUAL
B1_MS;B;ROÇADEIRA;;ROÇADEIRA;"HID RC2 1700 TRANSMISSÃO ""DIRETA"" - 80 cv";49058;104100032;;28065;;11831.0814;;17500;;16900;15700;16300;16900;;;;;PRECO_MANUAL
B1_MS;B;ROÇADEIRA;;ROÇADEIRA;"HID 1300 KAPINA CLASSIC (MAIS LEVE) ""DIRETA"" - 60 CV";53911;104150007;;24107;;10162.546919999999;;14800;;14400;13500;14000;14400;;;;;PRECO_MANUAL
B1_MS;B;ROÇADEIRA;;ROÇADEIRA;"HID 1500 KAPINA CLASSIC (MAIS LEVE) ""DIRETA"" - 70 CV";53694;104150010;;25393;;10636;;15700;;15200;14300;14800;15200;;;;;PRECO_MANUAL
B1_MS;B;ROÇADEIRA;;ROÇADEIRA;"HID 1700 KAPINA CLASSIC (MAIS LEVE) ""DIRETA"" - 80 CV";53860;104150013;;26296;;11277;;16500;;15900;14700;15350;15900;;;;;PRECO_MANUAL
B1_MS;B;ROÇADEIRA;;ROÇADEIRA;"HID RO2  1500 TRANSMISSÃO ""POR CORREIAS"" - 70cv";51124;104010049;;30984;0.4505;13280;;19590;22450;18700;17300;17900;18700;;;;;PRECO_MANUAL
B1_MS;B;ROÇADEIRA;;ROÇADEIRA;"HID RO2 1700 TRANSMISSÃO  ""POR CORREIAS"" - 80 cv";35409;104100049;;31929;0.4505;13690;;19990;23200;17900;17797;18500;19200;;;;;
B1_MS;B;ROÇADEIRA;;ROÇADEIRA;HID RO2 2601 DUPLA C/ RODA GUIA 4 FACAS DESENTRADAS 90 cv;52223;104040045;;45101;0.4505;19340;;28300;33270;27200;25300;26200;26700;;;;;PRECO_MANUAL
B1_MS;B;ROÇADEIRA;;ROÇADEIRA;HID RO2 3101 DUPLA DESCENTRADA 4 FACAS - 100 cv;37709;104040007;;48195;0.4505;20660;;29990;31189.600000000002;29300;26900;27900;29300;;;;;
B1_MS;B;ROÇADEIRA;;ROÇADEIRA;ARRASTO SIMPLES ROAT 1700 (PEQUENA) A CARDAN - 70 cv;52974;104090022;;42389;0.4505;18170;;26500;;25800;23900;24800;25800;;;;;PRECO_MANUAL
B1_MS;B;ROÇADEIRA;;ROÇADEIRA;"ARRASTO DUPLA ROAT 3400 """"SEM PNEUS"""" - 90 cv";40992;104090017;;59290;0.4505;25410;;36990;;35900;33900;34500;35500;;;;;PRECO_MANUAL
B1_MS;B;ROÇADEIRA;;ROÇADEIRA;ARRASTO DUPLA ROAT 3400 TL COM  PNEUS DE TRANSPORTE;52686;104090019;;75767;0.4505;32470;;47500;40990;45900;42500;44200;45900;;;;;PRECO_MANUAL
B1_MS;B;PERFURADOR;;PERFURADOR;PERF DE SOLO  **SEM BROCAS**  ( ESCOLHER AS BROCAS E SOMAR );38035;105010027;;11279;0.4505;4840;;6500;7590;0;0;0;0;;;;;PRECO_MANUAL
B1_MS;B;BROCA 9;;BROCA 9;"BROCA DE 9"" -   SOMAR AO PERFURADOR";NT;0;;0;0.4505;0;;1150;;0;0;0;0;;;;;SEM_CUSTO_TABELA
B1_MS;B;BROCA 12;;BROCA 12;"BROCA DE 12"" - SOMAR AO PERFURADOR";NT;0;;0;0.4505;0;;1290;;0;0;0;0;;;;;SEM_CUSTO_TABELA
B1_MS;B;BROCA 18;;BROCA 18;"BROCA DE 18"" - SOMAR AO PERFURADOR";NT;0;;0;0.4505;0;;1490;9550;0;0;0;0;;;;;SEM_CUSTO_TABELA
B1_MS;B;GUINCHO BAG;;GUINCHO BAG;TATU GATG 2000 BITOLA FIXA;49061;407010053;LQ FN;46924;0.4505;20120;;24990;28000;23900;22900;23500;23700;;;;;PRECO_MANUAL
B1_MS;B;GUINCHO BAG;;GUINCHO BAG;CIVEMASA GCAG 2000  BITOLA REGUL;35678;407010050;LQ FN;49785;0.4505;21350;;25990;28990;0;0;0;0;;;;;PRECO_MANUAL
B1_MS;B;GUINCHO-800;;GUINCHO-800;GAT 800 - GUINCHO 3 PONTO - 800 KG - SIMPLES;35688;407010002;;3759;0.4505;1585;;2650;;0;0;0;0;;;;;PRECO_MANUAL
B1_MS;B;GUINCHO 3 PO;;GUINCHO 3 PO;GAT 1000 GUINCHO 3 PONTO C/ PISTÃO HIDRÁULICO;50483;407010001;SALDÃO;13850;0.4505;5940;;5990;6990;0;0;0;0;;;;;PRECO_MANUAL
B1_MS;B;PLATAFORMA;;PLATAFORMA;PLATAFORMA TRAZEIRA 500 KG 3 PONTO - SEM TAMPAS;52231;402010001;;4250;0.4505;1830;;3290;;0;0;0;0;;;;;PRECO_MANUAL
B1_MS;B;PLAININHA;;PLAININHA;PLAINA TRAZEIRA 3 PONTO - PTL 2300 - 70 CV;37804;106060057;;11240;;5220;;7569;;7308;;;;;;;;
B1_MS;B;PATROLINHA;;PATROLINHA;"LTA 3000 (PEQUENA) MECÂNICA COM PNEUS 600X16""";38805;106060001;;46895;0.4505;20110;;29990;32290;28900;26900;27500;27900;;;;;PRECO_MANUAL
B1_MS;B;PATROLA;;PATROLA;"LTA 5000 REVERSÃO MECANICA PNEUS 24"" - 100 CV";35687;106060006;SD AND;68861;0.4505;29530;;42990;46200;40700;38900;39900;40900;;;;;PRECO_MANUAL
B1_MS;B;PATROLA;;PATROLA;LTA 5000 REVERSÃO HIDRÁULICA C/ VALVULA REVERSORA MANUAL;47267;106060040;SD AND;77708;0.4505;33320;;48990;51990;45700;43900;44900;45900;;;;;PRECO_MANUAL
B1_MS;B;PATROLA;;PATROLA;LTA 5000 REVERSÃO HIDRÁULICA C/ VALVULA ELETRICA VEH;NT;106060048;;80545;;34540;;49990;;49046.8;45247.4;46283.6;47665.2;;;;;
B1_MS;B;PATROLA;;PATROLA;LTA 5000 REVERSÃO HIDRÁULICA - COMANDO TRIPLO - 3 VCR;52212;106060031;;76364;0.4505;32740;;47990;50990;46900;42900;43900;45500;;;;;PRECO_MANUAL
B1_MS;B;PATROLA;;PATROLA;"LTA 5000 ""S PESADA"" PNEUS 26"" - COMANDO TRIPLO - 120 CV";NT;106060044;;128552;0.4505;55120;;79924;;78270.4;72207.2;73860.8;76065.6;;;;;
B1_MS;B;PATROLA;;PATROLA;LTA 5.000 “S” PESADA PNEUS 26” COM VALVULA VEH - 120 CV;40756;106060049;;132750;0.4505;56920;;82534;90990;80826.4;74565.2;76272.8;78549.6;;;;;
B1_MS;B;CONCHINHA;;CONCHINHA;PAT-H 320 CONCHA TRAZEIRA 3 PONTO C/ PISTÃO;52103;107030006;LQ FN;;0.4505;;;6990;11450;0;0;0;0;;;;;SEM_CUSTO_TABELA|PRECO_MANUAL
B1_MS;B;CONCHA PD;;CONCHA PD;CONCHA PAH AVULSA 1200 MM C/ VÁLV PD PLAINA DIANT (*NA TRC*);51383;107020258;;15135;0.4505;6490;;10500;;9900;8900;9300;9700;;;;;PRECO_MANUAL
B1_MS;B;CONCHA PCA;;CONCHA PCA;CONCHA PAC AVULSA 1700 MM P/ CONJ PCA  C/ ENGATE PINO ANTIGO;52209;511046453;;9718;0.4505;4170;;8200;6650;0;0;0;0;;;;;PRECO_MANUAL
B1_MS;B;CONCHA PCA;;CONCHA PCA;CONCHA PAC AVULSA 1700 MM P/ CONJ PCA  C/ ENGATE RÁPIDO;53823;531044018;;7788;0.4505;3340;;7900;;0;0;0;0;;;;;PRECO_MANUAL
B1_MS;B;CONCHA PCA;;CONCHA PCA;CONCHA PAC AVULSA 1900 MM P/ CONJ PCA  C/ ENGATE PINO ANTIGO;52676;501048045;;12315;0.4505;5290;;8900;;0;0;0;0;;;;;PRECO_MANUAL
B1_MS;B;SAB BAG;;SAB BAG;"SUPORTE PARA BAG DO CONJ  PCA C/ ""ENGATE RÁPIDO + NOVO""";53248;521045475;;9689;0.4505;4155;;6990;;0;0;0;0;;;;;PRECO_MANUAL
B1_MS;B;SAB BAG;;SAB BAG;"SUPORTE PARA BAG DO CONJ  PCA C/ ""ENGATE PINO  + ANTIGO""";54061;531042232;;9860;;4229;;7190;;0;0;0;0;;;;;PRECO_MANUAL
B1_MS;B;ROLO FACA;;ROLO FACA;ROLO FACA CICLUS 3000  COM 1 ROLO DE FACAS;52918;102590004;;99168;0.4505;42520;;61654;;60378.399999999994;55276;56976.8;58677.6;;;;;
B1_MS;B;ROLO FACA;;ROLO FACA;ROLO FACA CICLUS 7000 COM 3 ROLOS DE FACAS;NT;102590001;;318432;;136520;;197954;;193858.4;177476;182936.8;188397.6;;;;;
B1_MS;B;ROLO FACA;;ROLO FACA;ROLO FACA CICLUS 9000  COM 3 ROLOS DE FACAS;52309;102590002;;358018;0.4505;153500;;221900;;217970;199900;205690;209900;;;;;
B1_MS;B;SCRAPER;;SCRAPER;"RASPADOR ""SCRAPER"" 3.0 C/ PNEUS NOVOS - 110 CV";35445;113010018;;76719;0.4505;32900;;47705;54600;46718;42770;44086;45402;;;;;
B1_MS;B;SUBSOLADOR;;SUBSOLADOR;SUBSOL 9 H STAC-L 450 COMPL - 180 cv;35990;120370221;;136354;0.4505;58460;;84767;88157.68000000001;83013.2;75998;78336.4;80674.8;;;;;
B1_MS;B;ARADO AIVECA;;ARADO AIVECA;AIVECAS FIXO AAH 4 HASTES C/ RODA GUIA - 105- 120 CV;52006;101100091;;28592;0.4505;12260;;17777;19990;17409.2;15938;16428.4;16918.8;;;;;
B1_MS;B;ARADO AIVECA;;ARADO AIVECA;ARADO AIVECAS AACRM 5 HASTES REVERS 180 CV;42099;120630003;LQ FN;;0.4505;;;47990;49909.6;0;0;0;0;;;;;SEM_CUSTO_TABELA
B1_MS;B;GRANELEIRA;;GRANELEIRA;"TCA 10.500  MULTIUSO COM 2 PNEUS 30""                     *LIQUIDAÇÃO FN*";51018;115010032;;176211;0.4505;79383.0555;;115105.430475;119709.647694;111136.2777;103197.97215;107167.124925;109548.61659;;;;;
B1_MS;B;ADUBADEIRA;;ADUBADEIRA;DCA 1200-LA LONGO ALCANÇE  - 3 PONTO AC CABO;41985;109090145;LQ FN;;0.4505;;;15990;;0;0;0;0;;;;;SEM_CUSTO_TABELA|PRECO_MANUAL
B1_MS;B;ADUBADEIRA;;ADUBADEIRA;ATRIUM 1.250 DUPLO LONGO ALCANÇE C/ ACIONAM HIDRÁULICO;53628;109120039;LQ FN;;;;;18990;;0;0;0;0;;;;;SEM_CUSTO_TABELA|PRECO_MANUAL
B1_MS;B;ADUBADEIRA;;ADUBADEIRA;ATRIUM 1.500 DUPLO LONGO ALCANÇE C/ ACIONAM HIDRÁULICO;52387;109120045;;36608;0.4505;15698;;22990;;22300;20700;21300;22300;;;;;PRECO_MANUAL
B1_MS;B;CALCAREADEIRA;;CALCAREADEIRA;"DCA2 2.500 CARDAN 1 EIXO PNEUS 750X16"" EST 500";51942;109090053;;55647;0.4505;23860;;34597;38990;33881.2;31256.6;31972.4;32926.8;;;;;
B1_MS;B;CALCAREADEIRA;;CALCAREADEIRA;DCA2  5.500 CARDAN PNEUS 11L15 EST 500 - 80 CV;35656;109090023;SD AND;71409;0.4505;30103;;43649.35;45395.324;41900;39434.93;40338.020000000004;41542.14;;;;;
B1_MS;B;CALCAREADEIRA;;CALCAREADEIRA;DCA2 7.500 CARDAN PNEUS  11L15 EST 500 - 80 CV;35773;109090019;SD AND;77172;0.4505;33090;;47980.5;48990;45300;43347.9;44340.6;45664.2;;;;;
B1_MS;B;CALCAREADEIRA;;CALCAREADEIRA;DCCO (LARGA) 7.500 CARDAN PNEUS 11L15 EST 800 - 90 CV;50697;109090047;;84222;0.4505;36110;;52359.5;;51276.2;47304.1;48387.4;49831.8;;;;;
B1_MS;B;CALCAREADEIRA;;CALCAREADEIRA;"DCA  6.000 ""INOX"" HIDRÁULICA EST 500 PN 11L15 80 CV";52219;109090412;;80656;0.4505;34590;;50990;53029.6;49900;45900;46900;47900;;;;;
B1_MS;B;CALCAREADEIRA;;CALCAREADEIRA;"DCA  8.000 ""INOX"" ACION CARDAN EST 500 PN 11L15 - 90 CV";51092;109090445;SD AND;89924;0.4505;38560;;56990;59990;53700;50900;51900;53900;;;;;PRECO_MANUAL
B1_MS;B;CALCAREADEIRA;;CALCAREADEIRA;"DCA  8.000 ""INOX"" HIDRÁULICA EST 500 PN 11L15 - 90 CV";51096;109090458;;96067;0.4505;41190;;60590;63013.6;58900;54900;55900;57900;;;;;
B1_MS;B;CALCAREADEIRA;;CALCAREADEIRA;"DCCO (LARGA) 8.000 ""INOX"" CARDAN EST 800 PN 11L15 - 90 CV";53667;109090478;;98181;;42103;;62990;;59900;55900;56900;59500;;;;;PRECO_MANUAL
B1_MS;B;CALCAREADEIRA;;CALCAREADEIRA;"DCCO (LARGA) 8.000 ""INOX"" HIDRÁULICA EST 800 PN 11L15 - 90 CV";51122;109090367;;104185;0.4505;44670;;64771.5;69990;63431.399999999994;58517.7;59857.8;61644.6;;;;;
B1_MS;B;CALCAREADEIRA;;CALCAREADEIRA;"DCA2 10.500 HIDRÁULICA PNEUS 24"" EST 500 - 110 CV";50694;109090215;;134779;0.4505;57890;;83940.5;89400;82203.8;75835.9;77572.6;79888.2;;;;;
B1_MS;B;CALCAREADEIRA;;CALCAREADEIRA;"DCA2 10.500 CARDAN PNEUS 24"" EST 500 - 110 CV";50738;109090049;;127869;0.4505;54830;;79503.5;78990;77858.6;71827.3;73472.2;75665.4;;;;;
B1_MS;B;CALCAREADEIRA;;CALCAREADEIRA;DCCO (LARGA) 10.500 HIDRÁUL PNEUS 24” EST 800 PN 400/60 - 110 CV;42028;109090331;;137195;0.4505;58830;;85303.5;89990;83538.6;77067.3;78832.2;81185.4;;;;;
B1_MS;B;CALCAREADEIRA;;CALCAREADEIRA;"DCA 11.000 ""INOX"" CARDAN EST 500 - 110 CV";51097;109090457;SD AND;137469;0.4505;58940;;85463;88881.52;81000;77211.4;78979.6;81337.2;;;;;
B1_MS;B;CALCAREADEIRA;;CALCAREADEIRA;"DCA 11.000 ""INOX"" HIDRÁULICA EST 500 - 110 CV";51093;109090490;;144743;0.4505;62070;;90001.5;93601.56;88139.4;81311.7;83173.8;85656.6;;;;;
B1_MS;B;CALCAREADEIRA;;CALCAREADEIRA;"DCCO (LARGA) 11.000 ""INOX"" HIDRÁULICA  EST 800 - 110 CV";51113;109090498;;152054;0.4505;65200;;94540;99990;92584;85412;87368;89976;;;;;
B1_MS;B;CALCAREADEIRA;;CALCAREADEIRA;"DCA 11.000 ""INOX"" ACIO HIDR EST TRAV """"BITOLA REGULÁVEL 3,30 M""""";53144;109090682;;181551;0.4505;77840;;112868;;110532.8;101970.4;104305.6;107419.2;;;;;
B1_MS;B;CALCAREADEIRA;;CALCAREADEIRA;"DCA 12T ""TATU"" ISOBUS SEM TELA - BIT 3,30 M   (TELA CONSULTAR)";51130;109090694;;442351;0.4505;189650;;274900;331990;269900;248900;254900;261900;;;;;PRECO_MANUAL
B1_MS;B;CALCAREADEIRA;;CALCAREADEIRA;"DCA 15T ""CIVEMASA"" ISOBUS SEM TELA - BIT 3,30  (TELA CONSULTAR)";49741;121740061;LQ REFA;474594;0.4505;203480;;;;;;;;;;;;
B1_MS;B;CALCAREADEIRA;;CALCAREADEIRA;"DCA 15 T TATU ""TAXA VARIÁVEL  COMP COM TELA       *LQ REFATURAM*";51316;109090520;;514240;0.4651;239170;;329750;327590;311900;;;;;;;;PRECO_MANUAL
B2_MS;B;TERRACEADOR;;TERRACEADOR;TCL 16X26 – 110 CV;35770;120810009;;91018;0.4505;39032;;56596.4;;55425.44;51131.92;52302.880000000005;53864.16;;;;;
B2_MS;B;TERRACEADOR;;TERRACEADOR;TCL 18X26 – 125 CV;35771;120810010;;97490;0.4505;41806;;60618.7;63043.448;59364.520000000004;54765.86;56020.04;57692.28;;;;;
B2_MS;B;TERRACEADOR;;TERRACEADOR;TCL 20X26 - 140 CV;37229;120810012;;106087;0.4505;45494;;65966.3;72990;64601.479999999996;59597.14;60961.96;62781.72;;;;;
B2_MS;B;TERRACEADOR;;TERRACEADOR;TCL 22X26 - 150 CV;37707;120810007;;108989;0.4505;46737;;67768.65;74990;66366.54000000001;61225.47;62627.58;64497.06;;;;;
B2_MS;B;TERRACEADOR;;TERRACEADOR;TCL 24X26 - 160 cv;37759;120810013;;112592;0.4505;48283;;70010.35;72810.76400000001;68561.86;63250.729999999996;64699.22;66630.54000000001;;;;;
B2_MS;B;TERRACEADOR;;TERRACEADOR;TC 30 E 30X26 - 190 CV  (TERRAÇO EMBUTIDO);37978;120140058;;307173;0.4505;131725;;192990;209990;188900;173900;178900;183900;;;;;PRECO_MANUAL
B2_MS;B;TERRACEADOR;;TERRACEADOR;TC2 30X28 - 210 CV;50480;120140062;;308425;0.4505;132262;;193990;201749.6;189900;174900;179900;184900;;;;;
B2_MS;B;TERRACEADOR;;TERRACEADOR;TC2 34X28 – 230 CV;36113;120140063;;316087;0.4505;135548;;197990;205909.6;193900;178900;183900;189900;;;;;
B2_MS;B;TERRACEADOR;;TERRACEADOR;"TC2 40X28X6,00 MM  – 320 CV - ABERTURA HIDRAULICA";41299;120140059;;380089;0.4505;162993;;238990;248549.6;233900;214900;219900;227900;;;;;
B2_MS;B;TERRACEADOR;;TERRACEADOR;"TC2 48X28X6,00 MM  – 370 CV - ABERTURA HIDRÁULICA";44687;120140064;;431832;0.4505;185183;;269990;280789.60000000003;263900;243900;249900;256900;;;;;
B2_MS;B;NIVELADORA;;NIVELADORA;"GNL 28X20 - 170 MM ""DM"" SEM PNEUS – 70 CV";52007;102130549;;29319;0.4505;12580;;18990;19749.600000000002;18300;16900;17500;17900;;;;;
B2_MS;B;NIVELADORA;;NIVELADORA;"GNL 32X20 - 170 MM ""DM"" SEM PNEUS";51679;102130558;SALDÃO;33697;0.4505;14570;;19990;24950;20900;19500;19900;20500;;;;;PRECO_MANUAL
B2_MS;B;NIVELADORA;;NIVELADORA;"GNL 32X22 - 170 MM ""DM"" SEM PNEUS  - 75 CV";51123;102130560;;35071;0.4505;15040;;21990;25400;21500;19900;20500;20900;;;;;PRECO_MANUAL
B2_MS;B;NIVELADORA;;NIVELADORA;"GNL 36X20 - 170 MM ""GRAXA"" SEM PNEUS S/ PISTÃO – 80 CV";49658;102130563;;34320;0.4505;15461.16;;22418.682;25990;21954.8472;20254.119599999998;20717.954400000002;21336.4008;;;;;
B2_MS;B;NIVELADORA;;NIVELADORA;"GNL 36X20 - 170 MM ""DM"" SEM PNEUS – 80 CV";49658;102130564;;36006;0.4505;15440;;22500;;21900;20500;20900;21500;;;;;PRECO_MANUAL
B2_MS;B;NIVELADORA;;NIVELADORA;"GNL 36X20 - 170 MM ""DM"" SEM PNEUS  **COM PISTÃO ABERT**";53511;102130573;;41126;0.4505;17640;;25990;;24900;23500;23900;24500;;;;;PRECO_MANUAL
B2_MS;B;NIVELADORA;;NIVELADORA;"GNL 36X22 - 170 MM ""DM"" SEM PNEUS - 80 CV";53515;102130567;;37424;0.4505;16050;;23590;;22900;21500;21900;22500;;;;;PRECO_MANUAL
B2_MS;B;NIVELADORA;;NIVELADORA;"GNL 36X22  - 170 MM ""DM"" SEM PNEUS - 80 CV **COM PISTÃO ABERT**";NT;102130635;;42170;;18080;;26990;;25900;23900;24500;24900;;;;;PRECO_MANUAL
B2_MS;B;NIVELADORA;;NIVELADORA;GNCR-S 36X22 - CONTROLE REMOTO FIXA  - MT DMO 175 MM - 90 CV;51649;102490003;;73428;0.4505;31490;;45660.5;50990;44715.8;41251.9;42196.6;43456.2;;;;;
B2_MS;B;NIVELADORA;;NIVELADORA;GNCR-S 40X22 - CONTROLE REMOTO FIXA - MT DMO 175 MM - 110 CV;53577;102490004;;82193;0.4505;35240;;51098;;50040.8;46164.4;47221.6;48631.2;;;;;
B2_MS;B;NIVELADORA;;NIVELADORA;"GNL 42X20 - 170 MM  ""DM"" DISCOS MISTOS  – 90 CV";35454;102130569;;40833;;17510;;25500;;24900;22900;23500;24500;;;;;PRECO_MANUAL
B2_MS;B;NIVELADORA;;NIVELADORA;GNCR-S 44X22 - CONTROLE REMOTO FIXA - MT DMO 175 MM - 125 CV;35899;102490005;;84903;0.4505;36410;;52794.5;;51702.2;47697.1;48789.4;50245.8;;;;;
B2_MS;B;NIVELADORA;;NIVELADORA;GNM 44X22 - INTEIRIÇA DM 195 MM C/ PNEUS C/ PISTÃO - 110 CV;38450;102120237;;79379;0.4505;34040;;49358;54990;48336.8;44592.4;45613.6;46975.2;;;;;
B2_MS;B;NIVELADORA;;NIVELADORA;"GN 44X22""X4,50 MM DR DM C/ PISTÃO ABERTURA - S/ PN - 195 MM";54087;102110281;;62434;;26320;;39590;;37900;34900;36500;37500;;;;;PRECO_MANUAL
B2_MS;B;NIVELADORA;;NIVELADORA;GN 44X20 - ESPAÇ 195 MM MT DM S/ PISTÃO S/ PNEUS;53862;102110440;;57425;;24625;;35706.25;;34967.5;32258.75;32997.5;33982.5;;;;;
B2_MS;B;NIVELADORA;;NIVELADORA;GN 48X20 - ESPAÇ 195 MM DR DM S/ PISTÃO S/ PNEUS;53861;102110238;;59481;;25505;;36982.25;;36217.1;33411.55;34176.7;35196.9;;;;;
B2_MS;B;NIVELADORA;;NIVELADORA;"GNM 48X22X3,50MT DM  - INTEIRIÇA 195 C/ PNEUS C/ PISTÃO – 125 CV";38451;102120193;;80571;0.4505;33463;;48990;53990;47900;43900;44900;46500;;;;;PRECO_MANUAL
B2_MS;B;NIVELADORA;;NIVELADORA;GNFM 48X22 - 195 MM PANT DM C/ PISTÃO E PNEUS;53582;102330246;;92516;;39673;;57525.850000000006;;56335.66;51971.63;53161.82;54748.74;;;;;
B2_MS;B;NIVELADORA;;NIVELADORA;GDFM 52X22 - 195 MM DM PANT C/ PNEUS C/ PISTÃO - 140 CV;36440;120660091;;100879;0.4505;43260;;62727;68990;61429.2;56670.6;57968.4;59698.8;;;;;
B2_MS;B;NIVELADORA;;NIVELADORA;"GNM 52X22X3,50 MT DM - INTEIRIÇA 195 C/ PNEUS C/ PISTÃO – 130 CV";53326;102120199;;82257;0.4505;34676;;50990;;49500;46900;46900;48500;;;;;PRECO_MANUAL
B2_MS;B;NIVELADORA;;NIVELADORA;GNCR-S 52X22 - CONTROLE REMOTO FIXA - MT DMO 175 MM - 150 CV;35798;102490007;;93393;0.4505;40010;;58014.5;64990;56814.2;52413.1;53613.4;55213.8;;;;;
B2_MS;B;NIVELADORA;;NIVELADORA;GDFM 56X22 - 195 MM DM MT PANT C/ PNEUS C/ PISTÃO - 150 CV;37784;120660070;;102177;0.4505;43810;;63524.5;66065.48;62210.2;57391.1;58705.4;60457.8;;;;;
B2_MS;B;NIVELADORA;;NIVELADORA;GNCR-S 56X22 - CONTROLE REMOTO FIXA - MT DMO 175 MM - 180 CV;NT;102490008;;108477;;46519;;67990;;66056.98;60939.89;62335.46;65900;;;;;
B2_MS;B;NIVELADORA;;NIVELADORA;"GDCDH 56X22 - CONT REM ""ARTICULADA"" DMO - 180 CV";37169;120450029;;126825;0.4505;54380;;78851;82005.04000000001;77219.6;71237.8;72869.2;75044.4;;;;;
B2_MS;B;NIVELADORA;;NIVELADORA;GDFM 60X22 - 195 MM DM DR PANT C/ PNEUS C/PISTÃO - 160 CV;38361;120660077;;105858;0.4505;45392;;65818.4;68451.136;64456.64;59463.520000000004;60825.28;62640.96;;;;;
B2_MS;B;NIVELADORA;;NIVELADORA;GDFH 64X22 - 195 MM DM DR PANT C/ PNEUS  C/ PISTÃO - 170 CV;47972;1218000133;;148780;0.4505;63790;;92495.5;99900;90581.8;83564.9;85478.6;88030.2;;;;;
B2_MS;B;NIVELADORA;;NIVELADORA;GDMC 68X24 - INTEIRIÇA C/ PNEUS PISTÃO;53330;120900164;;142035;0.4505;60630;;87913.5;;86094.6;79425.3;81244.2;83669.4;;;;;
B2_MS;B;NIVELADORA;;NIVELADORA;GDFH 72X22 - 195 MM DMO MT PANT C/ PNEU HID C/ PA 180 CV;50083;121800080;SD AND;153741;0.4505;65920;;95584;99407.36;90800;86355.2;88332.8;90969.6;;;;;
B2_MS;B;NIVELADORA;;NIVELADORA;GDFH 72X24 - 195 MM DMO TODOS DISCOS RECORT PA 190 CV;51521;121800078;;158191;0.4505;67830;;98353.5;106990;96318.6;88857.3;90892.2;93605.4;;;;;
B2_MS;B;NIVELADORA;;NIVELADORA;GDFH 84X22 - 195 MM DMO PANT MT C/ PNEU HID C/ PA 220 CV;45759;121800106;;175183;0.4505;75110;;108909.5;113265.88;106656.2;98394.1;100647.4;103651.8;;;;;
B2_MS;B;NIVELADORA;;NIVELADORA;GDFH 84X24 - 195 MM DMO PANT MT C/ PNEU HID C/ PA - 230 CV;51614;121800105;SD AND;181250;0.4505;77710;;112679.5;122700;107100;101800.1;104131.4;107239.8;;;;;
B2_MS;B;NIVELADORA;;NIVELADORA;GDFH 108X24 - 195 MM DMO PANT C/ PNEUS HID C/ PA - 280 A 320;53228;121800159;;248075;0.4505;106360;;154222;;151031.2;139331.6;142522.4;146776.8;;;;;
B2_MS;B;NIVELADORA;;NIVELADORA;SNC-P 108X22 -  CONTR REMOTO ARTICULADA - 300 CV;42759;120090089;;376488;0.4505;161430;;234073.5;247990;229230.59999999998;211473.3;216316.2;222773.4;;;;;
B2_MS;B;ARADORA 230;;ARADORA 230;"ATCRL 14X26”X6,00 - 230 MM DM 1.1/2"" PN 600X16” – 85 CV";40871;102440190;;56135;0.4505;24070;;48936.3;247990;34179.4;31531.7;32253.8;33900;;;;;
B2_MS;B;ARADORA 230;;ARADORA 230;"ATCRL 14X26”X6,00 - 230 MM CM (A GRAXA) 1.1/2"" PN 600X16” 85 CV";53735;102440495;;55319;;23720;;34394;;33682.4;31073.2;31784.8;32733.6;;;;;
B2_MS;B;ARADORA 230;;ARADORA 230;"ATCRL 16X26""X6,00 - 230 MM DMO 1.1/2' PN 600X16"" - 90 CV";53442;102440672;;62003;0.4505;26590;;38555.5;39990;37757.8;34832.9;35630.6;36694.2;;;;;
B2_MS;B;ARADORA 230;;ARADORA 230;"ATCRL 18X26""X6,00 - 230 MM DMO 1.1/2"" PN 750X16 - 105 CV";53336;102440673;;67612;0.4505;28990;;42035.5;44990;41165.8;37976.9;38846.6;40006.2;;;;;
B2_MS;B;INTERMEDIÁRIA;;INTERMEDIÁRIA;"GAICR PESADA 14X28”X6,00 - 270 MM PNEUS 600X16” – 95 CV";35809;102260116;;62946;0.4505;26990;;39135.5;43990;38325.8;35356.9;36166.6;37246.2;;;;;
B2_MS;B;INTERMEDIÁRIA;;INTERMEDIÁRIA;"GAICRL 14X28""X6,00 - 270 MM PNEUS 600X16 - 90 CV";53438;102260869;;60337;0.4505;25436;;37990;;36300;33400;34200;36800;;;;;PRECO_MANUAL
B2_MS;B;INTERMEDIÁRIA;;INTERMEDIÁRIA;"GAICRL 16X28”X6,00 - 270 MM PNEUS 600X16 – 100-110 CV";35411;102260500;;69406;0.4505;29259;;43590;45333.6;41900;38500;39500;42400;;;;;
B2_MS;B;INTERMEDIÁRIA;;INTERMEDIÁRIA;"GAICRL 18X28”X6,00 - 270 MM PNEUS 750X16” – 110-120 CV";35412;102260502;;75956;0.4505;32020;;46429;52990;45468.4;41946.2;42906.8;44187.6;;;;;
B2_MS;B;INTERMEDIÁRIA;;INTERMEDIÁRIA;"GAICRL 20X28""X6,00 - 270 MM PNEUS 750X16"" 120-130 CV";35446;102260518;;77641;0.4505;33290;;48940;53990;47271.8;43609.9;44608.6;45940.2;;;;;
B2_MS;B;INTERMEDIARIA;;INTERMEDIARIA;"GAICRL 22X28""X6,00 - 270 MM PNEUS 750X16"" 140-150 CV";39897;102260545;;80431;0.4505;34490;;50010.5;56100;48975.8;45181.9;46216.6;47596.2;;;;;
B2_MS;B;INTERMEDIÁRIA;;INTERMEDIÁRIA;"GAICRL 24X28”X6,00 - 270 MM PNEUS 750x16"" – 150-160 CV";35853;102260689;SALDÃO;83094;0.4505;35630;;51663.5;53730.04;50594.6;46675.3;47744.2;49900;;;;;
B2_MS;B;INTERMEDIÁRIA;;INTERMEDIÁRIA;"GAICR 28X28”X6,00 - 270 MM DM PN 750 x 16"" – 180 CV";35435;102260121;;96506;0.4505;40683;;58990.350000000006;61349.96400000001;57769.86;53294.729999999996;54515.22;56142.54;;;;;
B2_MS;B;INTERMEDIÁRIA;;INTERMEDIÁRIA;"GAICR 30X28""X6,00 - 270 MM PNEUS 750X16"" - 200 CV";41872;102262406;SALDÃO;105183;0.4505;45100;;65395;74990;64042;59081;60434;62238;;;;;
B2_MS;B;INTERMEDIARIA;;INTERMEDIARIA;"GAICR 300 - 30X30""X7,50 - 300 MM 4 PNEUS - 220 CV";51369;102460309;;140274;0.4505;60140;;87203;96500;85398.8;78783.4;80587.6;82993.2;;;;;
B2_MS;B;INTERMEDIÁRIA;;INTERMEDIÁRIA;"SIC 32X28""X 6,00 - 270 MM DM - PNEUS 400/60 230 CV";37758;121140176;;156441;0.4505;68902;;99907.9;103904.216;97840.84;90261.62;92328.68;95084.76000000001;;;;;
B2_MS;B;INTERMEDIARIA;;INTERMEDIARIA;"SIC 36X28""X 7,50 - 270 MM - 1.5/8 DMO PNEUS 400/60 - 250 CV";36481;121140167;;173122;0.4505;74230;;107633.5;117990;105406.6;97241.3;99468.2;102437.4;;;;;
B2_MS;B;INTERMEDIARIA;;INTERMEDIARIA;"SIC 40X28""X 7,50 MM - 1.5/8"" DM PN 400/60";NT;121140119;;179819;;79588;;115402.6;;113014.95999999999;104260.28;106647.92;109831.44;;;;;
B2_MS;B;INTERMEDIARIA;;INTERMEDIARIA;"SAC 48X30""X 7,50 MM - 270 MM C/ PNEUS 400/60 - 300 CV";41886;120070096;;241818;0.4505;103690;;150350.5;169990;147239.8;135833.9;138944.6;143092.2;;;;;
B3_MS;B;PESADA;;PESADA;GAPCR 12X32” 340 MM DMO CONT REM 11L15 - 125 CV - TATU;50744;102060433;;110281;0.4505;47292;;68573.4;;67154.64;61952.520000000004;63371.28;65262.96;;;;;
B3_MS;B;PESADA;;PESADA;"GAPCR 14X32"" 340 MM DMO CONT REM 11L15 - 150 CV - TATU";35768;102060444;;117567;0.4505;50417;;72990;78990;70900;65900;66900;68900;;;;;PRECO_MANUAL
B3_MS;B;PESADA;;PESADA;"GAPCR 14X34"" 340 MM DMO CONT REM 11L15 - 160 CV - TATU";51202;102060443;;120453;0.4505;51650;;74892.5;77888.2;73343;67661.5;69211;71277;;;;;
B3_MS;B;PESADA;;PESADA;GAPCR 16X32” 340 MM DMO CONT REM 11L15 - 180 CV - TATU;35772;102060458;;128928;0.4505;55288;;79990;85990;77900;71900;73900;75900;;;;;PRECO_MANUAL
B3_MS;B;PESADA;;PESADA;"GAPCR 16X34"" 340 MM DMO CONT REM 11L15 - 190 CV - TATU";50775;102060452;;131955;0.4505;56586;;81990;85269.6;79900;73900;74900;77500;;;;;
B3_MS;B;PESADA;;PESADA;SGAC 16X34” 360 MM DM CONT REM PN 11L15 - 200 CV - CIVEMASA;50288;120150033;;142893;0.4505;61270;;88590;92133.6;86900;79900;81900;83900;;;;;
B3_MS;B;PESADA;;PESADA;"GAPCR 18X34"" 340 MM DMO CONT REM  ROD DUPLO - 200 - TATU";52479;102060469;;148151;0.4505;63532;;91900;;89900;81900;84900;87900;;;;;PRECO_MANUAL
B3_MS;B;PESADA;;PESADA;SGAC 18X34” 360 MM DM 11L15 – 220 CV - CIVEMASA;36103;120150041;SALDÃO;150055;0.4505;64560;;87990;91509.6;90900;83900;85900;88900;;;;;
B3_MS;B;PESADA;;PESADA;GAPCR 18X34” 360 MM DMO  11L15 – 220 CV - TATU;49067;102060616;SALDÃO;156768;0.4505;67220;;87990;91509.6;94900;87500;89500;92900;;;;;
B3_MS;B;PESADA;;PESADA;"GAPM 20X32"" 340 MM DMO ARRASTO C/ PISTÃO - 190 CV";53417;102050233;LQ FN;118454;0.4505;50790;;69990;;0;0;0;0;;;;;PRECO_MANUAL
B3_MS;B;PESADA;;PESADA;GAPCR 20X34” 340 MM DMO - ROD DUPLA – 230  CV  - TATU;49633;102060412;;185277;0.4505;79453;;114990;119589.6;111900;102900;104900;107900;;;;;
B3_MS;B;PESADA;;PESADA;GVMF 20X34” 360 MM CH TRIPLO DM PN 400/60 - 250 CV - CIVEMASA;39947;120040052;;210396;0.4505;90225;;130826.25;137990;128119.5;118194.75;120901.5;124510.5;;;;;
B3_MS;B;PESADA;;PESADA;"GVMF 22X34"" 360 MM CH TRIPLO DM PN 400/60 - 270 CV   (MATÃO)";39961;120040051;LQ REFA;215955;;92600;;134270;;131492;121306;124084;127788;;;;;
B3_MS;B;PESADA;;PESADA;"GAPCR 24X34”X9,00 MM 340 MM DMO - ROD DUPLO - 260 CV - TATU";49101;102060400;;196301;0.4505;84180;;122061;135900;119535.6;110275.8;112801.2;116168.4;;;;;
B3_MS;B;PESADA;;PESADA;"GAPCR 28X34""X9,00 MM 340 MM DMO - ROD DUPLO - 290 CV - TATU";53321;102060464;;213356;;91494;;132666.3;;129921.48;119857.14;122601.96;126261.72;;;;;
B3_MS;B;PESADA;;PESADA;"GAPCR 28X34""X9,00 MM 340 MM DMO - PN 400/60 - 290 CV - TATU";53580;102060611;LQ REFA;246862;0.4505;105850;;139900;;149900;138663.5;141839;146073;;;;;
B3_MS;B;PESADA;;PESADA;"GVMF 28X34”X9,00 MM  360 MM DM CH TRIPLO - 400/60  – CIVEMASA";40224;120040050;;246909;0.4505;105860;;153497;159990;150321.2;138676.6;141852.4;146086.8;;;;;
B3_MS;B;SUPER PESADA;;SUPER PESADA;"GASPCR TATU 12X36""X12,00 440 MM DMO PN 900X20 - 200 CV";44714;102090590;;175791;0.4505;75385;;108990;159990;106900;98500;100900;103900;;;;;PRECO_MANUAL
B3_MS;B;SUPER PESADA;;SUPER PESADA;"GASPCR TATU 14X36”X12,00 440 MM DMO PN 900X20 - 225 CV";44680;102090594;;185996;0.4505;79760;;114990;119589.6;112900;103900;105900;109900;;;;;
B3_MS;B;SUPER PESADA;;SUPER PESADA;"GASPCR TATU 16X36”X12,00 440 MM DMO PN 900X20 - 250 CV";43632;102090581;;212401;0.4505;91083;;131990;145400;128900;118900;121900;124900;;;;;PRECO_MANUAL
B3_MS;B;SUPER PESADA;;SUPER PESADA;"GASPCR TATU 18X36""X12,00 440 MM DMO PN 900X20 - 270 CV";44677;102090554;;221141;0.4505;94832;;136990;151990;133900;123900;126500;129900;;;;;PRECO_MANUAL
B3_MS;B;SUPER PESADA;;SUPER PESADA;"GASPCR TATU 20X36""X12,00 440 MM DMO PN 900X20 - 290 CV";49068;102090560;;230232;0.4505;98730;;142990;148709.6;139900;128900;131900;135900;;;;;
B3_MS;B;SUPER PESADA;;SUPER PESADA;"GASPCR TATU 22X36""X12,00 440 MM DMO PN 900X20 - 320 CV";39012;102090575;SD AND;238902;0.4505;102449;;147990;153909.6;140500;133900;136900;140900;;;;;
B3_MS;B;SUPER PESADA;;SUPER PESADA;"GVPF 22X36""X12,00 MM DMO 450 MM 4 PN 750X16 - 320";42753;120020136;;276199;0.4505;118420;;171709;178577.36000000002;168156.4;155130.2;158682.8;163419.6;;;;;
B3_MS;B;SUPER PESADA;;SUPER PESADA;"GVPF 22X38""X12,00 MM DMO 450 MM PN 400/60 - 330 CV";53003;120020253;;278179;0.4505;119292;;172973.4;;169394.64;156272.52;159851.28;164622.96;;;;;
B3_MS;B;SUPER PESADA;;SUPER PESADA;"GVPF 24X36""X12 MM 450 DMO MM PN 900X20"" - 370 CV";50942;120020227;;319832;0.4505;137130;;198838.5;222990;194724.6;179640.3;183754.2;189239.4;;;;;
B3_MS;B;SUPER PESADA;;SUPER PESADA;"GVPF 26X36""X12 MM 450 DMO MM PN 900X20"" 400 CV";50943;120020232;;325121;0.4505;139400;;202130;229990;197948;182614;186796;192372;;;;;
B3_MS;B;SUPER PESADA;;SUPER PESADA;"GVPF 26X38""X12 MM 450 DMO MM PN ALTA FLUT 400";51216;120020237;;348345;0.4505;149360;;216572;225234.88;212091.2;195661.6;200142.4;206116.8;;;;;
B3_MS;B;EXTRA PESADA;;EXTRA PESADA;"CIVEMASA GASPCRC EHD 12X42”X12,00 DMO 2.3/4"" 507 MM - 290 CV";51354;121510219;;270149;0.4505;115850;;167990;174709.6;164900;151900;155900;159900;;;;;
B3_MS;B;EXTRA PESADA;;EXTRA PESADA;"TATU  GASPCR EHD 14X42""X12,00 DMO 2.3/4""";44595;102090383;LQ REFA;271995;0.4505;116650;;168990;186200;158000;150900;154900;158900;;;;;PRECO_MANUAL
B3_MS;B;EXTRA PESADA;;EXTRA PESADA;"CIVEMASA GASPCRC EHD 14X42""X12,00 DMO 2.3/4";44595;121510223;LQ REFA;271995;0.4505;116650;;169990;;159000;151900;155900;159900;;;;;PRECO_MANUAL
B3_MS;B;EXTRA PESADA;;EXTRA PESADA;"CIVEMASA GASPCRC EHD 16X42”X12,00 DMO 2.3/4""";44576;121510249;;362302;0.4505;155350;;225257.5;218400;220597;203508.5;208169;214383;;;;;
B3_MS;B;EXTRA PESADA;;EXTRA PESADA;"CIVEMASA GASPCRC EHD 18X42""X12,00 DMO 2.3/4"" 507 MM - 450 CV";44371;121510263;;373568;0.4505;160170;;232246.5;232990;227441.4;209822.7;214627.8;221034.6;;;;;
B3_MS;B;EXTRA PESADA;;EXTRA PESADA;"CIVEMASA GASPCRC EHD 20X42""X12,00 DMO 2.3/4"" 507 MM - 500 CV";44680;121510260;;382254;0.4505;163900;;237655;;232738;214709;219626;226182;;;;;
B3_MS;B;EXTRA PESADA;;EXTRA PESADA;"CIVEMASA GASPCRC EHD 22X42”X12,00 DMO 2.3/4"" 507 MM - 500 CV";49595;121510255;;409542;0.4505;175600;;254620;249990;249352;230036;235304;242328;;;;;
B3_MS;B;PLANTADEIRA;;PLANTADEIRA;PST TRIO FLEX 17X45 TITANIUM (DA PARA FAZER 15X50) 11/2025;49601;111260594;LQ REFA;398615;0.4505;929827;449000;0;249990;0;0;0;0;;;;;PRECO_MANUAL
B3_MS;B;PLANTADEIRA;;PLANTADEIRA;ULTRAFLEX 15X500 DC20+CSU+MH+CI+SPCRR+SIG           *LIQUIDAÇÃO*;49045;111181026;;668776;0.4505;0;;349990;375990;;1;;;;;;;PRECO_MANUAL
B3_MS;B;PLANTADEIRA;;PLANTADEIRA;PST TRIO 15X500 TITANIUM COMPLETA S/ PM 400     *DEMONSTRAÇÃO*;49640;111260569;;844256;0.4505;384000;;;;499200;;;;;;;;